,names,scores,logfoldchanges,pvals,pvals_adj,abslfc
1487,HSPB2,-125.60691,-9.302738,0.0,0.0,9.302738
6,SGCD,125.52357,8.959251,0.0,0.0,8.959251
1485,CRIP1,-125.57994,-8.498853,0.0,0.0,8.498853
1499,TNNI1,-125.854416,-8.490419,0.0,0.0,8.490419
1479,GP1BB,-125.494576,-8.400874,0.0,0.0,8.400874
1488,CAPN3,-125.62359,-8.385774,0.0,0.0,8.385774
1495,VCAM1,-125.72687,-8.342729,0.0,0.0,8.342729
1494,TBX2-AS1,-125.69634,-8.277563,0.0,0.0,8.277563
1486,ACTA2,-125.59096,-8.238376,0.0,0.0,8.238376
23,XIRP2,125.18094,8.102087,0.0,0.0,8.102087
1493,COL2A1,-125.67624,-8.074668,0.0,0.0,8.074668
5,PDE3A,125.5545,7.944288,0.0,0.0,7.944288
1458,MICOS10,-125.35919,-7.7451797,0.0,0.0,7.7451797
1437,BMP2,-125.25768,-7.7048254,0.0,0.0,7.7048254
1457,ALDOC,-125.357765,-7.6840243,0.0,0.0,7.6840243
1491,AHNAK2,-125.65198,-7.680534,0.0,0.0,7.680534
1470,KCTD12,-125.43872,-7.6440916,0.0,0.0,7.6440916
1478,TBX2,-125.49046,-7.6066337,0.0,0.0,7.6066337
1483,S100A4,-125.57296,-7.5743,0.0,0.0,7.5743
1497,MYL4,-125.79222,-7.559159,0.0,0.0,7.559159
32,CACNA1E,124.872246,7.444509,0.0,0.0,7.444509
1427,CXCL12,-125.17624,-7.425561,0.0,0.0,7.425561
1475,MT-ND5,-125.471535,-7.408003,0.0,0.0,7.408003
1370,GDF10,-124.999344,-7.3746314,0.0,0.0,7.3746314
1454,VCAN,-125.310936,-7.353064,0.0,0.0,7.353064
1210,TAGLN,-124.64096,-7.345168,0.0,0.0,7.345168
1,FYB2,125.70078,7.3262444,0.0,0.0,7.3262444
1490,BMP5,-125.64251,-7.2963133,0.0,0.0,7.2963133
1471,ITGB3,-125.44387,-7.2539315,0.0,0.0,7.2539315
24,RGS6,125.09129,7.229232,0.0,0.0,7.229232
1477,MT-ND4L,-125.48142,-7.2255583,0.0,0.0,7.2255583
1350,DEPDC1,-124.949425,-7.1912174,0.0,0.0,7.1912174
1476,DOK4,-125.477135,-7.1498375,0.0,0.0,7.1498375
1461,MT-ND4,-125.38047,-7.0985756,0.0,0.0,7.0985756
1379,PTTG1,-125.0178,-7.093783,0.0,0.0,7.093783
838,SHOX2,-102.06229,-7.0843077,0.0,0.0,7.0843077
1448,ZNF503,-125.2961,-7.0658045,0.0,0.0,7.0658045
1429,CYP51A1,-125.18761,-7.0252333,0.0,0.0,7.0252333
1445,MT-ATP6,-125.28842,-7.019623,0.0,0.0,7.019623
1403,PPP1R14A,-125.09419,-7.0069723,0.0,0.0,7.0069723
1498,MYL7,-125.80621,-6.9986706,0.0,0.0,6.9986706
1421,NGRN,-125.15344,-6.997636,0.0,0.0,6.997636
1423,MRPS24,-125.1561,-6.995765,0.0,0.0,6.995765
869,IGKC,-107.497604,-6.9821873,0.0,0.0,6.9821873
1414,RBP1,-125.13867,-6.9797826,0.0,0.0,6.9797826
1467,CSRP2,-125.42133,-6.977063,0.0,0.0,6.977063
1452,RGS5,-125.30478,-6.962749,0.0,0.0,6.962749
1459,MT-ND2,-125.37571,-6.9455004,0.0,0.0,6.9455004
1444,MT-ND1,-125.28451,-6.9336176,0.0,0.0,6.9336176
1434,MT-ND3,-125.20916,-6.906029,0.0,0.0,6.906029
1024,WNT2,-119.87334,-6.8985367,0.0,0.0,6.8985367
1443,EMC10,-125.28384,-6.894812,0.0,0.0,6.894812
11,LPL,125.417625,6.8901615,0.0,0.0,6.8901615
1466,CFC1,-125.41732,-6.885237,0.0,0.0,6.885237
1460,CPE,-125.376114,-6.8492403,0.0,0.0,6.8492403
1091,RSPO3,-122.69954,-6.83648,0.0,0.0,6.83648
1169,NDUFA4L2,-124.36932,-6.831086,0.0,0.0,6.831086
3,PDE7B,125.57761,6.8041687,0.0,0.0,6.8041687
1440,MT-CYB,-125.271095,-6.7748766,0.0,0.0,6.7748766
1433,MT-CO3,-125.19899,-6.764457,0.0,0.0,6.764457
71,FGF12,122.98705,6.7481894,0.0,0.0,6.7481894
1012,NPPA,-119.29589,-6.7463746,0.0,0.0,6.7463746
1398,BEX1,-125.081985,-6.7211366,0.0,0.0,6.7211366
1382,CRABP2,-125.020706,-6.7124753,0.0,0.0,6.7124753
1390,MGST1,-125.05003,-6.7104025,0.0,0.0,6.7104025
1408,GNG10,-125.10687,-6.703109,0.0,0.0,6.703109
1377,ATP6V0C,-125.01311,-6.6796417,0.0,0.0,6.6796417
1402,NME2,-125.09366,-6.673055,0.0,0.0,6.673055
1420,TUBA1A,-125.15106,-6.6659718,0.0,0.0,6.6659718
1451,LIX1,-125.30277,-6.665036,0.0,0.0,6.665036
1405,SCD,-125.09892,-6.6412754,0.0,0.0,6.6412754
1472,PRSS35,-125.451294,-6.6174836,0.0,0.0,6.6174836
1439,MT-CO1,-125.27063,-6.612147,0.0,0.0,6.612147
1364,TOMM6,-124.980034,-6.5935225,0.0,0.0,6.5935225
35,PDE1A,124.78461,6.5897536,0.0,0.0,6.5897536
1462,DPYSL3,-125.39385,-6.5797873,0.0,0.0,6.5797873
13,NCKAP5,125.34498,6.575434,0.0,0.0,6.575434
1378,VIM,-125.01517,-6.552272,0.0,0.0,6.552272
1383,RNASEK,-125.021576,-6.547458,0.0,0.0,6.547458
1334,SLC35F6,-124.915436,-6.5396705,0.0,0.0,6.5396705
1237,PURPL,-124.76114,-6.5272403,0.0,0.0,6.5272403
1345,FABP5,-124.93898,-6.515581,0.0,0.0,6.515581
1348,NCCRP1,-124.947754,-6.5155525,0.0,0.0,6.5155525
1374,PSMA6,-125.0075,-6.515548,0.0,0.0,6.515548
1407,HOXB3,-125.1066,-6.495088,0.0,0.0,6.495088
1188,LEFTY2,-124.461655,-6.48441,0.0,0.0,6.48441
1425,PCDH20,-125.16225,-6.466599,0.0,0.0,6.466599
1442,DNAJB4,-125.27604,-6.453322,0.0,0.0,6.453322
1412,TMEM88,-125.12589,-6.441574,0.0,0.0,6.441574
1430,DACT1,-125.18885,-6.421318,0.0,0.0,6.421318
1455,AQP1,-125.323,-6.416562,0.0,0.0,6.416562
1393,GABARAP,-125.05656,-6.4089518,0.0,0.0,6.4089518
1368,PTN,-124.9973,-6.40023,0.0,0.0,6.40023
1399,CCDC80,-125.085144,-6.3959737,0.0,0.0,6.3959737
1359,TUBA1B,-124.97006,-6.395104,0.0,0.0,6.395104
1400,HOXB2,-125.09139,-6.37571,0.0,0.0,6.37571
1387,NRP2,-125.03248,-6.345899,0.0,0.0,6.345899
1330,ANLN,-124.90911,-6.343632,0.0,0.0,6.343632
1432,COL5A2,-125.192665,-6.337774,0.0,0.0,6.337774
1338,KRT18,-124.92858,-6.3232474,0.0,0.0,6.3232474
1318,PRC1,-124.88666,-6.3074307,0.0,0.0,6.3074307
1361,KDR,-124.97304,-6.306922,0.0,0.0,6.306922
1418,JAG1,-125.15083,-6.2920647,0.0,0.0,6.2920647
1410,A1BG,-125.12373,-6.2792645,0.0,0.0,6.2792645
45,PKN2-AS1,124.53567,6.2781816,0.0,0.0,6.2781816
757,MT1G,-86.71881,-6.2562294,0.0,0.0,6.2562294
1335,IFITM2,-124.91671,-6.240505,0.0,0.0,6.240505
1413,PRDX1,-125.136566,-6.240442,0.0,0.0,6.240442
1329,TIMP1,-124.90609,-6.238672,0.0,0.0,6.238672
1463,TGFB1I1,-125.40312,-6.23167,0.0,0.0,6.23167
1290,FEN1,-124.84839,-6.231519,0.0,0.0,6.231519
1416,IGFBP6,-125.14296,-6.2230053,0.0,0.0,6.2230053
1328,CENPF,-124.90395,-6.206443,0.0,0.0,6.206443
1362,CRB2,-124.97484,-6.1879215,0.0,0.0,6.1879215
1098,UBE2C,-122.79111,-6.1872616,0.0,0.0,6.1872616
1200,MKI67,-124.54624,-6.1801224,0.0,0.0,6.1801224
1392,EEF1G,-125.0535,-6.1770263,0.0,0.0,6.1770263
1384,PDGFRA,-125.0246,-6.176738,0.0,0.0,6.176738
36,DPH6-DT,124.77948,6.1722894,0.0,0.0,6.1722894
904,PBK,-111.562256,-6.153753,0.0,0.0,6.153753
7,RASGEF1B,125.52203,6.153387,0.0,0.0,6.153387
1357,APOE,-124.96413,-6.1080356,0.0,0.0,6.1080356
1294,CCNB1,-124.85378,-6.1035886,0.0,0.0,6.1035886
1333,PEG10,-124.91543,-6.0894136,0.0,0.0,6.0894136
1160,BIRC5,-124.25407,-6.085496,0.0,0.0,6.085496
1248,TMSB10,-124.779564,-6.083093,0.0,0.0,6.083093
1332,ARL6IP1,-124.91177,-6.0751348,0.0,0.0,6.0751348
1369,PDLIM2,-124.9978,-6.0709786,0.0,0.0,6.0709786
1094,MGARP,-122.7233,-6.0661287,0.0,0.0,6.0661287
1388,RPL17,-125.03342,-6.0352626,0.0,0.0,6.0352626
1238,ADAMTS5,-124.763,-6.0266395,0.0,0.0,6.0266395
1191,TRAPPC5,-124.48615,-6.023068,0.0,0.0,6.023068
1307,CTSC,-124.8725,-6.0066104,0.0,0.0,6.0066104
1265,VEGFC,-124.809006,-6.002206,0.0,0.0,6.002206
1473,IFI6,-125.45497,-5.994622,0.0,0.0,5.994622
1385,CTSV,-125.027504,-5.9927244,0.0,0.0,5.9927244
1355,PITX2,-124.95993,-5.9902196,0.0,0.0,5.9902196
1356,PCSK1N,-124.96081,-5.984984,0.0,0.0,5.984984
1281,SPARC,-124.83197,-5.98003,0.0,0.0,5.98003
1320,HEY1,-124.89001,-5.9735503,0.0,0.0,5.9735503
31,LRRTM3,124.88705,5.9600854,0.0,0.0,5.9600854
1376,COL5A1,-125.01284,-5.948798,0.0,0.0,5.948798
1107,BCKDHA,-123.13363,-5.931269,0.0,0.0,5.931269
1261,CKS2,-124.80438,-5.9300466,0.0,0.0,5.9300466
1327,UBE2S,-124.90213,-5.909101,0.0,0.0,5.909101
1292,ENO2,-124.848694,-5.897786,0.0,0.0,5.897786
1373,MT-ND6,-125.0054,-5.882817,0.0,0.0,5.882817
1336,KRT8,-124.926094,-5.8725634,0.0,0.0,5.8725634
1311,TMSB4X,-124.876,-5.856786,0.0,0.0,5.856786
1303,MYCN,-124.86361,-5.850761,0.0,0.0,5.850761
1323,CRISPLD1,-124.89561,-5.8416243,0.0,0.0,5.8416243
1342,ARL4C,-124.935524,-5.83013,0.0,0.0,5.83013
1258,FSBP,-124.80283,-5.829613,0.0,0.0,5.829613
1309,CENPW,-124.874306,-5.827762,0.0,0.0,5.827762
1291,CDK1,-124.84841,-5.8205576,0.0,0.0,5.8205576
1456,SRP14,-125.32904,-5.8191915,0.0,0.0,5.8191915
703,BMP10,-74.88059,-5.815652,0.0,0.0,5.815652
1216,SFRP5,-124.68043,-5.8088903,0.0,0.0,5.8088903
1317,ITM2A,-124.886215,-5.7987685,0.0,0.0,5.7987685
880,MT3,-108.69413,-5.7962275,0.0,0.0,5.7962275
1253,ANXA1,-124.788704,-5.792332,0.0,0.0,5.792332
1273,ID1,-124.81671,-5.7771587,0.0,0.0,5.7771587
1366,GAS1,-124.99032,-5.756517,0.0,0.0,5.756517
1245,IFITM3,-124.775345,-5.753257,0.0,0.0,5.753257
1375,FUOM,-125.01042,-5.7465386,0.0,0.0,5.7465386
44,HS6ST3,124.54327,5.736937,0.0,0.0,5.736937
1326,CKS1B,-124.90156,-5.7352257,0.0,0.0,5.7352257
939,IL32,-114.69371,-5.7279005,0.0,0.0,5.7279005
964,GJD2,-116.31057,-5.726736,0.0,0.0,5.726736
8,CPED1,125.51103,5.7238083,0.0,0.0,5.7238083
1159,FREM2,-124.24661,-5.723364,0.0,0.0,5.723364
1344,DUSP6,-124.93892,-5.7226152,0.0,0.0,5.7226152
1322,RPL28,-124.89149,-5.7120094,0.0,0.0,5.7120094
1435,PHLDA3,-125.213844,-5.7098684,0.0,0.0,5.7098684
1201,C7,-124.550224,-5.7097006,0.0,0.0,5.7097006
1465,PTH1R,-125.414185,-5.7096705,0.0,0.0,5.7096705
1492,ADGRB2,-125.65679,-5.7053456,0.0,0.0,5.7053456
1337,FZD2,-124.9279,-5.7010975,0.0,0.0,5.7010975
1339,SLC2A3,-124.92906,-5.693833,0.0,0.0,5.693833
1381,CSRP1,-125.01999,-5.6892185,0.0,0.0,5.6892185
1035,TOP2A,-120.781296,-5.671992,0.0,0.0,5.671992
1474,ZFP36L1,-125.45793,-5.6567984,0.0,0.0,5.6567984
1365,CCDC34,-124.98892,-5.6514015,0.0,0.0,5.6514015
1295,PCLAF,-124.85385,-5.6470246,0.0,0.0,5.6470246
1436,LGI2,-125.21568,-5.6442347,0.0,0.0,5.6442347
1314,TCEAL7,-124.88151,-5.641683,0.0,0.0,5.641683
1353,C11orf96,-124.95533,-5.631612,0.0,0.0,5.631612
1204,RRM2,-124.58331,-5.627541,0.0,0.0,5.627541
1153,HAND1,-124.18746,-5.622616,0.0,0.0,5.622616
1121,CENPE,-123.480896,-5.6207337,0.0,0.0,5.6207337
1206,TPX2,-124.6137,-5.6162176,0.0,0.0,5.6162176
1019,RGS4,-119.64888,-5.611254,0.0,0.0,5.611254
1283,PTGDS,-124.8335,-5.61041,0.0,0.0,5.61041
1192,VAMP5,-124.48814,-5.602523,0.0,0.0,5.602523
1372,RTL5,-125.004005,-5.574676,0.0,0.0,5.574676
1298,ID4,-124.85956,-5.5698404,0.0,0.0,5.5698404
1304,MEST,-124.86826,-5.569383,0.0,0.0,5.569383
1315,SLC1A5,-124.88338,-5.5674586,0.0,0.0,5.5674586
1469,PPP1R1A,-125.435356,-5.5632443,0.0,0.0,5.5632443
22,LINC02256,125.22944,5.55434,0.0,0.0,5.55434
879,CCNA2,-108.62231,-5.5463467,0.0,0.0,5.5463467
1354,KRT19,-124.9561,-5.5425506,0.0,0.0,5.5425506
1268,CYGB,-124.81304,-5.5360775,0.0,0.0,5.5360775
1147,CDKN3,-124.05156,-5.517823,0.0,0.0,5.517823
1122,COLEC12,-123.51767,-5.5155163,0.0,0.0,5.5155163
1404,PCDHGA3,-125.09434,-5.514285,0.0,0.0,5.514285
1231,ITPRIPL2,-124.74719,-5.5128326,0.0,0.0,5.5128326
1480,C12orf75,-125.51233,-5.511554,0.0,0.0,5.511554
1321,BCAT1,-124.89147,-5.5038733,0.0,0.0,5.5038733
1241,RBFADN,-124.76858,-5.5034137,0.0,0.0,5.5034137
1343,HMGA2,-124.93891,-5.502707,0.0,0.0,5.502707
1389,GATA5,-125.03502,-5.4999423,0.0,0.0,5.4999423
1441,SC5D,-125.27539,-5.4960556,0.0,0.0,5.4960556
1287,SESN3,-124.84168,-5.4924874,0.0,0.0,5.4924874
1299,EGFL7,-124.85965,-5.481892,0.0,0.0,5.481892
895,TBX18,-110.29451,-5.4792037,0.0,0.0,5.4792037
1380,AGT,-125.01916,-5.47676,0.0,0.0,5.47676
1438,GAPDH,-125.25956,-5.4550385,0.0,0.0,5.4550385
1168,ARHGDIB,-124.309456,-5.4464746,0.0,0.0,5.4464746
793,CCN2,-94.22039,-5.44345,0.0,0.0,5.44345
1052,CDC20,-121.28323,-5.4363055,0.0,0.0,5.4363055
1341,GNG11,-124.9345,-5.424735,0.0,0.0,5.424735
1267,CXCL14,-124.812775,-5.419151,0.0,0.0,5.419151
1305,BST2,-124.86833,-5.417979,0.0,0.0,5.417979
1229,MRC2,-124.73744,-5.410978,0.0,0.0,5.410978
1419,INHBA,-125.15094,-5.4047847,0.0,0.0,5.4047847
1015,NCAPG,-119.41126,-5.402738,0.0,0.0,5.402738
1257,MFAP2,-124.799934,-5.3985686,0.0,0.0,5.3985686
1371,TYMS,-125.00104,-5.3973165,0.0,0.0,5.3973165
9,PCDH9,125.449684,5.395156,0.0,0.0,5.395156
1220,MAB21L2,-124.714554,-5.3897047,0.0,0.0,5.3897047
1391,ID2,-125.05328,-5.3878217,0.0,0.0,5.3878217
1096,HMMR,-122.78785,-5.382376,0.0,0.0,5.382376
40,COLEC10,124.719,5.3808036,0.0,0.0,5.3808036
677,HBD,-67.83185,-5.37812,0.0,0.0,5.37812
1481,SDC3,-125.521774,-5.373626,0.0,0.0,5.373626
1240,F2R,-124.767456,-5.367763,0.0,0.0,5.367763
1217,EMILIN1,-124.70302,-5.341902,0.0,0.0,5.341902
1172,MSX2,-124.39524,-5.3280606,0.0,0.0,5.3280606
1280,COL1A2,-124.829994,-5.306356,0.0,0.0,5.306356
1228,MARCKS,-124.73684,-5.2787933,0.0,0.0,5.2787933
1266,IGFBP4,-124.80972,-5.275861,0.0,0.0,5.275861
1426,ENO1,-125.16473,-5.258993,0.0,0.0,5.258993
1128,NGFR,-123.663895,-5.247583,0.0,0.0,5.247583
1279,TWIST1,-124.829834,-5.23549,0.0,0.0,5.23549
1219,SH3BGRL3,-124.71126,-5.2007294,0.0,0.0,5.2007294
65,PRR16,123.29417,5.1922054,0.0,0.0,5.1922054
47,CADM2,124.27178,5.1920524,0.0,0.0,5.1920524
1260,UCHL1,-124.80357,-5.16829,0.0,0.0,5.16829
1331,EDA2R,-124.91029,-5.167513,0.0,0.0,5.167513
1325,SHD,-124.899704,-5.1641397,0.0,0.0,5.1641397
1351,HSP90AA1,-124.95102,-5.1637144,0.0,0.0,5.1637144
233,CLCF1,85.88143,5.1417675,0.0,0.0,5.1417675
17,ASIP,125.318275,5.135845,0.0,0.0,5.135845
20,SOX6,125.26899,5.135764,0.0,0.0,5.135764
1109,TSPAN7,-123.1733,-5.1354403,0.0,0.0,5.1354403
641,CRHBP,-57.610786,-5.1333156,0.0,0.0,5.1333156
1233,S100A11,-124.757416,-5.1289773,0.0,0.0,5.1289773
28,KLRD1,124.928085,5.1240687,0.0,0.0,5.1240687
1306,PTMA,-124.86859,-5.123186,0.0,0.0,5.123186
1301,FBLN2,-124.86151,-5.1204553,0.0,0.0,5.1204553
1358,COL1A1,-124.96979,-5.1187077,0.0,0.0,5.1187077
26,CSDC2,125.026505,5.115472,0.0,0.0,5.115472
1278,MXRA8,-124.82484,-5.114371,0.0,0.0,5.114371
1302,MYRF,-124.86352,-5.112564,0.0,0.0,5.112564
1401,SAMD1,-125.09267,-5.0970855,0.0,0.0,5.0970855
158,UBASH3B,107.258255,5.0966134,0.0,0.0,5.0966134
49,RYR2,124.22599,5.0938597,0.0,0.0,5.0938597
1022,NR2F2,-119.727,-5.089812,0.0,0.0,5.089812
1205,STAR,-124.60212,-5.085113,0.0,0.0,5.085113
1239,FTL,-124.76653,-5.080539,0.0,0.0,5.080539
1103,TNC,-122.945404,-5.076704,0.0,0.0,5.076704
1300,FST,-124.861206,-5.066825,0.0,0.0,5.066825
1428,BNIP3,-125.17666,-5.0648828,0.0,0.0,5.0648828
1208,HOTAIRM1,-124.62388,-5.053347,0.0,0.0,5.053347
1274,EVA1B,-124.81766,-5.0404396,0.0,0.0,5.0404396
1256,HAS2,-124.7973,-5.0277824,0.0,0.0,5.0277824
1312,PHGDH,-124.87914,-5.027269,0.0,0.0,5.027269
1264,RAMP2,-124.80803,-5.005653,0.0,0.0,5.005653
1252,BMP4,-124.78828,-5.005242,0.0,0.0,5.005242
1048,IRX1,-121.20459,-5.0041614,0.0,0.0,5.0041614
1053,KCNA5,-121.31234,-4.9985037,0.0,0.0,4.9985037
761,DLGAP5,-87.19507,-4.9836206,0.0,0.0,4.9836206
1449,HTRA1,-125.30031,-4.981694,0.0,0.0,4.981694
709,MEG8,-75.96473,-4.9568534,0.0,0.0,4.9568534
934,ASPM,-114.278496,-4.9308896,0.0,0.0,4.9308896
1041,TAGLN2,-121.023026,-4.908883,0.0,0.0,4.908883
1249,IGDCC3,-124.78155,-4.8853574,0.0,0.0,4.8853574
1246,PLTP,-124.77912,-4.8821464,0.0,0.0,4.8821464
1396,MSMO1,-125.07394,-4.8719745,0.0,0.0,4.8719745
974,IGFBP5,-116.85593,-4.8618207,0.0,0.0,4.8618207
75,ZNF385D,122.788536,4.8517184,0.0,0.0,4.8517184
857,VTN,-104.729935,-4.851442,0.0,0.0,4.851442
917,CLSPN,-113.1557,-4.848717,0.0,0.0,4.848717
1234,CHD3,-124.75747,-4.8483377,0.0,0.0,4.8483377
1340,SQLE,-124.93272,-4.841424,0.0,0.0,4.841424
976,FLT1,-116.95211,-4.812934,0.0,0.0,4.812934
1360,SLC2A1,-124.970245,-4.810999,0.0,0.0,4.810999
1386,HSPH1,-125.02816,-4.795956,0.0,0.0,4.795956
1324,TUBB2B,-124.89585,-4.7869987,0.0,0.0,4.7869987
1102,TM4SF1,-122.933876,-4.7781053,0.0,0.0,4.7781053
1242,MAF,-124.771576,-4.77786,0.0,0.0,4.77786
1086,LOX,-122.5409,-4.767123,0.0,0.0,4.767123
1134,GSTA1,-123.75386,-4.7648416,0.0,0.0,4.7648416
1184,LINC01126,-124.44994,-4.762324,0.0,0.0,4.762324
1431,NREP,-125.18915,-4.7583704,0.0,0.0,4.7583704
1243,EFNB2,-124.77267,-4.7489295,0.0,0.0,4.7489295
1316,CD24,-124.883896,-4.74868,0.0,0.0,4.74868
1450,WNT5A,-125.30233,-4.7454576,0.0,0.0,4.7454576
1250,AMIGO2,-124.78569,-4.740724,0.0,0.0,4.740724
1198,TUBB3,-124.53845,-4.737746,0.0,0.0,4.737746
57,FRMPD4,123.74984,4.729371,0.0,0.0,4.729371
29,SAMD5,124.91875,4.729127,0.0,0.0,4.729127
1126,IRX2,-123.61268,-4.7271004,0.0,0.0,4.7271004
1394,FRAT2,-125.0572,-4.726655,0.0,0.0,4.726655
923,COL12A1,-113.67435,-4.7234325,0.0,0.0,4.7234325
1212,SFRP1,-124.64965,-4.7232347,0.0,0.0,4.7232347
1263,CNTFR,-124.80688,-4.7210364,0.0,0.0,4.7210364
141,CNTNAP3B,110.47966,4.7181044,0.0,0.0,4.7181044
1190,KITLG,-124.477295,-4.7092505,0.0,0.0,4.7092505
1349,GSTO1,-124.94884,-4.7078776,0.0,0.0,4.7078776
1409,BAIAP2-DT,-125.10789,-4.7059984,0.0,0.0,4.7059984
1215,SNAI2,-124.67347,-4.7016025,0.0,0.0,4.7016025
1310,CNP,-124.87525,-4.695455,0.0,0.0,4.695455
1296,S100A13,-124.85479,-4.6923275,0.0,0.0,4.6923275
1182,LINC02381,-124.448395,-4.692039,0.0,0.0,4.692039
1347,NEFH,-124.944016,-4.6862545,0.0,0.0,4.6862545
1397,LRRN4,-125.07989,-4.67967,0.0,0.0,4.67967
78,ABCA6,122.58153,4.675445,0.0,0.0,4.675445
781,GDF6,-90.87116,-4.670605,0.0,0.0,4.670605
915,AQP3,-113.03168,-4.6683083,0.0,0.0,4.6683083
1072,SPRY4,-122.34847,-4.6677613,0.0,0.0,4.6677613
1297,EIF4A1,-124.85722,-4.65432,0.0,0.0,4.65432
1078,LMO2,-122.41371,-4.649721,0.0,0.0,4.649721
1288,ETV2,-124.844765,-4.6465654,0.0,0.0,4.6465654
1195,PCDH18,-124.52659,-4.618978,0.0,0.0,4.618978
1167,SPP1,-124.308556,-4.6137815,0.0,0.0,4.6137815
1123,TTR,-123.5222,-4.6102405,0.0,0.0,4.6102405
1221,THY1,-124.71554,-4.6038117,0.0,0.0,4.6038117
1171,FN1,-124.39267,-4.5933814,0.0,0.0,4.5933814
1079,AFP,-122.42063,-4.5819173,0.0,0.0,4.5819173
1319,APOA1,-124.88828,-4.5818906,0.0,0.0,4.5818906
1255,FXYD5,-124.79706,-4.5809016,0.0,0.0,4.5809016
752,S100A8,-85.66474,-4.5773153,0.0,0.0,4.5773153
1181,CAMK2N1,-124.44772,-4.574549,0.0,0.0,4.574549
487,SERPINE1,-5.8047423,4.569952,6.446506414306212e-09,6.56913017762182e-09,4.569952
19,RABGAP1L,125.29229,4.56616,0.0,0.0,4.56616
1064,ADAMTS8,-121.854645,-4.566023,0.0,0.0,4.566023
1293,ZBTB33,-124.849846,-4.559712,0.0,0.0,4.559712
1422,MLLT11,-125.1536,-4.555953,0.0,0.0,4.555953
1178,CDH11,-124.43653,-4.5539117,0.0,0.0,4.5539117
1185,KPNA2,-124.45372,-4.5289,0.0,0.0,4.5289
1411,BAMBI,-125.12509,-4.5227957,0.0,0.0,4.5227957
1060,POTEI,-121.53913,-4.5222383,0.0,0.0,4.5222383
751,CFI,-85.628624,-4.522139,0.0,0.0,4.522139
134,ZDHHC11B,112.05111,4.5204654,0.0,0.0,4.5204654
1051,TNNC1,-121.26253,-4.5162277,0.0,0.0,4.5162277
1089,LYPD1,-122.66911,-4.515217,0.0,0.0,4.515217
1000,S100A6,-118.40475,-4.498673,0.0,0.0,4.498673
1270,IGFBP3,-124.815254,-4.4926224,0.0,0.0,4.4926224
1453,MGAT3,-125.30707,-4.486436,0.0,0.0,4.486436
52,LRRC7,123.984184,4.4818716,0.0,0.0,4.4818716
25,NAV3,125.08667,4.468849,0.0,0.0,4.468849
1034,TPPP3,-120.65296,-4.4603324,0.0,0.0,4.4603324
1058,MOXD1,-121.52446,-4.46018,0.0,0.0,4.46018
1141,IGFBP2,-123.90786,-4.4528084,0.0,0.0,4.4528084
1021,SH3D21,-119.69614,-4.4452524,0.0,0.0,4.4452524
732,CKAP2L,-80.60772,-4.4392123,0.0,0.0,4.4392123
1214,NRARP,-124.667625,-4.4323125,0.0,0.0,4.4323125
1247,SOX4,-124.77937,-4.4285316,0.0,0.0,4.4285316
1406,ZNF853,-125.10541,-4.4259353,0.0,0.0,4.4259353
1232,FBLN1,-124.75392,-4.4234114,0.0,0.0,4.4234114
765,NUSAP1,-88.35257,-4.420626,0.0,0.0,4.420626
1056,UNC5B-AS1,-121.42383,-4.4203253,0.0,0.0,4.4203253
952,FABP1,-115.42503,-4.418126,0.0,0.0,4.418126
1197,FAM72A,-124.53386,-4.418023,0.0,0.0,4.418023
1097,CHRD,-122.788086,-4.392766,0.0,0.0,4.392766
1158,SGO2,-124.228134,-4.383983,0.0,0.0,4.383983
69,LIMCH1,123.108925,4.3778977,0.0,0.0,4.3778977
979,RASD1,-117.112366,-4.37763,0.0,0.0,4.37763
1016,DDIT4,-119.440956,-4.369661,0.0,0.0,4.369661
1277,SAMD11,-124.824486,-4.3662257,0.0,0.0,4.3662257
54,DIRC3,123.92424,4.3652854,0.0,0.0,4.3652854
1131,AURKA,-123.71029,-4.3614116,0.0,0.0,4.3614116
747,S100A10,-85.227234,-4.3548427,0.0,0.0,4.3548427
93,SAMSN1,121.01258,4.3410616,0.0,0.0,4.3410616
1045,APCDD1,-121.14447,-4.331612,0.0,0.0,4.331612
1244,JUND,-124.77435,-4.325946,0.0,0.0,4.325946
1144,ENC1,-123.914986,-4.3093305,0.0,0.0,4.3093305
1223,DAB2,-124.72205,-4.2934537,0.0,0.0,4.2934537
1111,SPRY1,-123.243614,-4.2933106,0.0,0.0,4.2933106
1235,FHL3,-124.758896,-4.2927012,0.0,0.0,4.2927012
1162,ONECUT2,-124.27563,-4.290083,0.0,0.0,4.290083
1174,HMGB2,-124.40709,-4.2888546,0.0,0.0,4.2888546
1227,PRTG,-124.73043,-4.277783,0.0,0.0,4.277783
1104,TFPI2,-122.987495,-4.27712,0.0,0.0,4.27712
1222,MSX1,-124.71873,-4.2737327,0.0,0.0,4.2737327
1468,RNF208,-125.42207,-4.2732754,0.0,0.0,4.2732754
1189,GPX7,-124.46472,-4.272304,0.0,0.0,4.272304
76,NFIX,122.65171,4.2693176,0.0,0.0,4.2693176
1129,INSIG1,-123.687515,-4.2678623,0.0,0.0,4.2678623
127,LINC01411,113.51758,4.2583275,0.0,0.0,4.2583275
1286,FGFR2,-124.83722,-4.2561936,0.0,0.0,4.2561936
1133,GNG8,-123.71812,-4.2551622,0.0,0.0,4.2551622
890,FRZB,-109.853935,-4.2540135,0.0,0.0,4.2540135
4,ARHGAP24,125.5749,4.25153,0.0,0.0,4.25153
1116,GINS4,-123.39837,-4.2449036,0.0,0.0,4.2449036
123,RIPOR3,114.16112,4.24182,0.0,0.0,4.24182
1088,FOXC2,-122.638504,-4.235163,0.0,0.0,4.235163
918,HES1,-113.1669,-4.234269,0.0,0.0,4.234269
1049,COLEC11,-121.22393,-4.233407,0.0,0.0,4.233407
986,NPAP1,-117.62022,-4.226014,0.0,0.0,4.226014
1055,COTL1,-121.39228,-4.220951,0.0,0.0,4.220951
2,CBLB,125.62623,4.219741,0.0,0.0,4.219741
1225,IFI16,-124.7304,-4.218978,0.0,0.0,4.218978
1415,HMGCS1,-125.14055,-4.2169023,0.0,0.0,4.2169023
1139,CLU,-123.85551,-4.2076206,0.0,0.0,4.2076206
30,MAST4,124.90434,4.2072005,0.0,0.0,4.2072005
1236,FOXC1,-124.76057,-4.203552,0.0,0.0,4.203552
1417,FAM162A,-125.14718,-4.198819,0.0,0.0,4.198819
832,DKK1,-101.166374,-4.1977534,0.0,0.0,4.1977534
114,ADAM12,116.09038,4.1764336,0.0,0.0,4.1764336
1113,UBE2T,-123.29229,-4.17268,0.0,0.0,4.17268
88,SELE,121.64738,4.1712484,0.0,0.0,4.1712484
1193,STC2,-124.49783,-4.165379,0.0,0.0,4.165379
41,LAMA2,124.71466,4.1599317,0.0,0.0,4.1599317
1020,AKAP12,-119.68085,-4.158931,0.0,0.0,4.158931
648,MYLK,-60.125256,-4.158734,0.0,0.0,4.158734
139,DCLK1,110.757744,4.1535687,0.0,0.0,4.1535687
147,TNFRSF11B,109.19244,4.1486506,0.0,0.0,4.1486506
101,PHKG1,118.191086,4.1475253,0.0,0.0,4.1475253
1489,EMILIN2,-125.64126,-4.1474257,0.0,0.0,4.1474257
1284,CKAP2,-124.83642,-4.14579,0.0,0.0,4.14579
842,AMBP,-102.42006,-4.1298995,0.0,0.0,4.1298995
1447,TPM1,-125.29575,-4.119698,0.0,0.0,4.119698
1496,RBM38,-125.72821,-4.117189,0.0,0.0,4.117189
1199,LUM,-124.544815,-4.1162987,0.0,0.0,4.1162987
1251,CCND1,-124.7869,-4.0968823,0.0,0.0,4.0968823
975,APELA,-116.87975,-4.0933194,0.0,0.0,4.0933194
1202,PTPN13,-124.5805,-4.0881643,0.0,0.0,4.0881643
1224,TRO,-124.72872,-4.0766068,0.0,0.0,4.0766068
1173,HELLS,-124.40598,-4.0626764,0.0,0.0,4.0626764
1101,CTHRC1,-122.92454,-4.0592403,0.0,0.0,4.0592403
901,FBN1,-111.269806,-4.0577044,0.0,0.0,4.0577044
995,RARRES2,-118.22822,-4.0459785,0.0,0.0,4.0459785
1175,DLK1,-124.41155,-4.0417223,0.0,0.0,4.0417223
831,FZD7,-101.133095,-4.0416374,0.0,0.0,4.0416374
43,CEACAM19,124.63343,4.038636,0.0,0.0,4.038636
1424,FZD8,-125.16221,-4.0315437,0.0,0.0,4.0315437
771,NR2F1,-89.30596,-4.0281777,0.0,0.0,4.0281777
1446,GPR183,-125.288895,-4.0198007,0.0,0.0,4.0198007
18,BCL6,125.30224,4.013355,0.0,0.0,4.013355
1179,IER5L,-124.439995,-4.006907,0.0,0.0,4.006907
981,SYT10,-117.28526,-4.0023813,0.0,0.0,4.0023813
1156,MYL6,-124.21034,-3.9978752,0.0,0.0,3.9978752
859,PTCHD1,-104.86105,-3.9946642,0.0,0.0,3.9946642
878,GNG2,-108.597496,-3.9867716,0.0,0.0,3.9867716
90,MCTP2,121.3128,3.9832604,0.0,0.0,3.9832604
779,CCL21,-90.467445,-3.9799058,0.0,0.0,3.9799058
97,PDZRN3,120.07718,3.9748302,0.0,0.0,3.9748302
1038,SOX11,-120.93287,-3.9742937,0.0,0.0,3.9742937
959,SHISA3,-116.03314,-3.9724815,0.0,0.0,3.9724815
1464,LMOD1,-125.4119,-3.9701324,0.0,0.0,3.9701324
117,NTRK3,115.93177,3.9630685,0.0,0.0,3.9630685
908,ADAMTS19,-112.09028,-3.9608572,0.0,0.0,3.9608572
1090,COL9A3,-122.67126,-3.954751,0.0,0.0,3.954751
750,WT1,-85.62174,-3.9427216,0.0,0.0,3.9427216
1076,LTB,-122.39596,-3.9380827,0.0,0.0,3.9380827
104,LINC01170,117.69032,3.9333673,0.0,0.0,3.9333673
84,BDNF,122.13696,3.9227254,0.0,0.0,3.9227254
171,AREG,104.01234,3.9226341,0.0,0.0,3.9226341
37,PLCXD3,124.77712,3.9194417,0.0,0.0,3.9194417
1484,RAB3IP,-125.57313,-3.917232,0.0,0.0,3.917232
1230,TIPARP-AS1,-124.745346,-3.9168615,0.0,0.0,3.9168615
1367,LLGL2,-124.99047,-3.8991845,0.0,0.0,3.8991845
716,PLCG2,-77.3421,-3.892942,0.0,0.0,3.892942
969,IRX4,-116.6333,-3.8851116,0.0,0.0,3.8851116
1271,APOC1,-124.8156,-3.882186,0.0,0.0,3.882186
130,PRELID2,113.02542,3.8775492,0.0,0.0,3.8775492
73,FILIP1L,122.902016,3.8742063,0.0,0.0,3.8742063
105,NUPR1,117.66122,3.8739362,0.0,0.0,3.8739362
1272,BMI1,-124.8163,-3.8689716,0.0,0.0,3.8689716
1120,S100A16,-123.47619,-3.8571258,0.0,0.0,3.8571258
1196,WFDC2,-124.52878,-3.8569458,0.0,0.0,3.8569458
1482,TSPAN2,-125.54458,-3.8567858,0.0,0.0,3.8567858
1009,KLHL41,-119.14696,-3.85361,0.0,0.0,3.85361
14,MIR181A2HG,125.34145,3.850652,0.0,0.0,3.850652
1007,BMPER,-118.82147,-3.8452754,0.0,0.0,3.8452754
943,FOSB,-114.88664,-3.8380523,0.0,0.0,3.8380523
60,NEAT1,123.61385,3.8351164,0.0,0.0,3.8351164
794,GJA5,-94.237144,-3.8287547,0.0,0.0,3.8287547
1054,BIK,-121.33397,-3.8270135,0.0,0.0,3.8270135
599,CEP55,-46.95905,-3.8237717,0.0,0.0,3.8237717
42,ADAMTS9-AS2,124.65074,3.8221939,0.0,0.0,3.8221939
935,GAP43,-114.427025,-3.8173163,0.0,0.0,3.8173163
1029,SNCA,-120.48338,-3.8159451,0.0,0.0,3.8159451
1040,APLNR,-120.99268,-3.8149064,0.0,0.0,3.8149064
602,SEPTIN7,-47.408752,-3.813889,0.0,0.0,3.813889
1003,PCDH17,-118.63794,-3.8127337,0.0,0.0,3.8127337
77,DKK2,122.606995,3.8106434,0.0,0.0,3.8106434
1275,PCAT7,-124.820724,-3.803214,0.0,0.0,3.803214
1082,SH3BGR,-122.46174,-3.801554,0.0,0.0,3.801554
769,BANCR,-89.10414,-3.7993853,0.0,0.0,3.7993853
1207,SPDL1,-124.620926,-3.7984738,0.0,0.0,3.7984738
1149,ALCAM,-124.07984,-3.7936535,0.0,0.0,3.7936535
643,PIF1,-59.146965,-3.7916777,0.0,0.0,3.7916777
1209,GADD45A,-124.6332,-3.7890437,0.0,0.0,3.7890437
1092,SLC35G3,-122.712944,-3.7869267,0.0,0.0,3.7869267
913,SLITRK5,-112.62566,-3.7853017,0.0,0.0,3.7853017
1226,HSPA5,-124.73042,-3.7848935,0.0,0.0,3.7848935
1150,PIK3R3,-124.082275,-3.778474,0.0,0.0,3.778474
823,HAPLN1,-99.57852,-3.771482,0.0,0.0,3.771482
1269,HES4,-124.81437,-3.767891,0.0,0.0,3.767891
1363,STAMBPL1,-124.97584,-3.76367,0.0,0.0,3.76367
83,FHL2,122.180565,3.756458,0.0,0.0,3.756458
815,DTL,-98.49178,-3.7446737,0.0,0.0,3.7446737
1183,SULT1C4,-124.44869,-3.737362,0.0,0.0,3.737362
1105,RDH10,-123.0009,-3.7339542,0.0,0.0,3.7339542
944,LINC00632,-115.03026,-3.7239614,0.0,0.0,3.7239614
909,NPNT,-112.09282,-3.7151673,0.0,0.0,3.7151673
1155,TUBB4B,-124.19643,-3.711836,0.0,0.0,3.711836
1008,SLC16A3,-118.988914,-3.708671,0.0,0.0,3.708671
12,TMEM164,125.38609,3.7063282,0.0,0.0,3.7063282
799,STC1,-94.94729,-3.7048125,0.0,0.0,3.7048125
573,GTSE1,-42.144634,-3.7021215,0.0,0.0,3.7021215
875,EDN1,-108.10275,-3.7002103,0.0,0.0,3.7002103
1080,OSR1,-122.42275,-3.6991203,0.0,0.0,3.6991203
0,IQCH,125.714615,3.6977417,0.0,0.0,3.6977417
1170,LRRC3,-124.36975,-3.690199,0.0,0.0,3.690199
1100,NKX2-5,-122.88526,-3.6751633,0.0,0.0,3.6751633
949,MGP,-115.195984,-3.6726923,0.0,0.0,3.6726923
850,BAALC,-103.606186,-3.6726413,0.0,0.0,3.6726413
1395,C21orf91,-125.060394,-3.6687949,0.0,0.0,3.6687949
930,LAYN,-113.96759,-3.6641984,0.0,0.0,3.6641984
62,TGFBR3,123.471214,3.6571553,0.0,0.0,3.6571553
860,ALB,-105.576935,-3.654822,0.0,0.0,3.654822
1136,KCNH7,-123.7737,-3.6490388,0.0,0.0,3.6490388
1106,ENO3,-123.112816,-3.6481404,0.0,0.0,3.6481404
1047,PTX3,-121.18775,-3.643808,0.0,0.0,3.643808
1154,ZFP36L2,-124.187584,-3.6298459,0.0,0.0,3.6298459
1093,FERMT1,-122.71794,-3.6258705,0.0,0.0,3.6258705
1218,TOMM34,-124.70315,-3.623365,0.0,0.0,3.623365
973,VWDE,-116.85503,-3.619299,0.0,0.0,3.619299
1081,TFPI,-122.43339,-3.5967686,0.0,0.0,3.5967686
962,BGN,-116.23141,-3.5882328,0.0,0.0,3.5882328
1276,SERPINE2,-124.8223,-3.5842903,0.0,0.0,3.5842903
1042,AK1,-121.04859,-3.572034,0.0,0.0,3.572034
1061,CST3,-121.61142,-3.5582516,0.0,0.0,3.5582516
1001,SYNPO2L,-118.443504,-3.558084,0.0,0.0,3.558084
1262,IDI1,-124.80438,-3.553101,0.0,0.0,3.553101
743,EIF2AK3-DT,-84.47659,-3.5500262,0.0,0.0,3.5500262
1043,HMOX1,-121.07538,-3.5260332,0.0,0.0,3.5260332
1308,DDX41,-124.87405,-3.5260053,0.0,0.0,3.5260053
1011,CD9,-119.20007,-3.525231,0.0,0.0,3.525231
1180,CASKIN1,-124.44435,-3.5197992,0.0,0.0,3.5197992
929,MT1F,-113.93337,-3.5181477,0.0,0.0,3.5181477
958,NKD1,-116.028175,-3.4973547,0.0,0.0,3.4973547
1146,ADAMTS1,-124.003044,-3.4950488,0.0,0.0,3.4950488
836,DCN,-101.72818,-3.4904702,0.0,0.0,3.4904702
1077,BASP1,-122.408905,-3.4864278,0.0,0.0,3.4864278
1213,TP53RK,-124.66514,-3.4860728,0.0,0.0,3.4860728
883,CDKN1A,-109.201775,-3.4842389,0.0,0.0,3.4842389
1059,CYP27A1,-121.529564,-3.481013,0.0,0.0,3.481013
165,NR4A3,105.41636,3.4766366,0.0,0.0,3.4766366
900,HMCN1,-111.04605,-3.4715905,0.0,0.0,3.4715905
108,ATP8A1,117.06475,3.4688034,0.0,0.0,3.4688034
853,PTGIS,-103.86266,-3.4655404,0.0,0.0,3.4655404
95,ITGA11,120.22457,3.4606972,0.0,0.0,3.4606972
89,PDE4B,121.59293,3.4517455,0.0,0.0,3.4517455
1163,OGFRL1,-124.28897,-3.4490438,0.0,0.0,3.4490438
1254,PGAM5,-124.78977,-3.441475,0.0,0.0,3.441475
82,DES,122.18987,3.4382572,0.0,0.0,3.4382572
948,CRABP1,-115.15031,-3.4260848,0.0,0.0,3.4260848
775,CCL2,-90.220566,-3.422937,0.0,0.0,3.422937
1164,LBR,-124.29468,-3.4160712,0.0,0.0,3.4160712
804,OR8D4,-96.65402,-3.4126635,0.0,0.0,3.4126635
1132,CXCR4,-123.71033,-3.4110477,0.0,0.0,3.4110477
954,ANXA2,-115.65475,-3.407747,0.0,0.0,3.407747
988,ACTC1,-117.89651,-3.406964,0.0,0.0,3.406964
941,CD93,-114.747025,-3.4007533,0.0,0.0,3.4007533
730,USP18,-80.37892,-3.4000382,0.0,0.0,3.4000382
98,BCL2,119.94569,3.3977458,0.0,0.0,3.3977458
1070,RAB3B,-122.21657,-3.3964121,0.0,0.0,3.3964121
666,RBP7,-63.486618,-3.3944006,0.0,0.0,3.3944006
736,HGF,-81.4347,-3.385869,0.0,0.0,3.385869
1166,RNF113A,-124.30295,-3.3849444,0.0,0.0,3.3849444
1124,TBX3,-123.56698,-3.3789577,0.0,0.0,3.3789577
1085,ORC6,-122.537605,-3.378025,0.0,0.0,3.378025
932,BOC,-114.1727,-3.37416,0.0,0.0,3.37416
868,GABRB2,-107.49523,-3.3739486,0.0,0.0,3.3739486
966,PCOLCE,-116.39669,-3.3692346,0.0,0.0,3.3692346
596,LHX2,-46.224655,-3.3691103,0.0,0.0,3.3691103
953,TGFB2,-115.562935,-3.368572,0.0,0.0,3.368572
156,MIR4435-2HG,107.62594,3.3549705,0.0,0.0,3.3549705
175,COL15A1,103.673515,3.3523028,0.0,0.0,3.3523028
91,MIR99AHG,121.29668,3.345251,0.0,0.0,3.345251
185,CPNE5,100.43062,3.3373725,0.0,0.0,3.3373725
1352,GALE,-124.95278,-3.3356485,0.0,0.0,3.3356485
920,KIF20B,-113.3042,-3.3332422,0.0,0.0,3.3332422
53,ANK2,123.98274,3.3311036,0.0,0.0,3.3311036
644,LINC02802,-59.235195,-3.3286877,0.0,0.0,3.3286877
1137,TSHZ2,-123.80524,-3.316226,0.0,0.0,3.316226
885,LAMA1,-109.21317,-3.3106098,0.0,0.0,3.3106098
863,MYH6,-106.104065,-3.2992377,0.0,0.0,3.2992377
1211,PMAIP1,-124.64602,-3.2984202,0.0,0.0,3.2984202
16,BDNF-AS,125.33492,3.2928185,0.0,0.0,3.2928185
984,CNN1,-117.53833,-3.292158,0.0,0.0,3.292158
80,RAP2C-AS1,122.51355,3.2849562,0.0,0.0,3.2849562
907,RGS16,-112.066505,-3.2830353,0.0,0.0,3.2830353
1119,GPR153,-123.471695,-3.281622,0.0,0.0,3.281622
1026,CKB,-120.23977,-3.2791102,0.0,0.0,3.2791102
873,LINC00342,-107.93532,-3.2772458,0.0,0.0,3.2772458
691,ITGA1,-71.61649,-3.2771952,0.0,0.0,3.2771952
63,PDE5A,123.35992,3.2739706,0.0,0.0,3.2739706
965,CSPG5,-116.32094,-3.2715821,0.0,0.0,3.2715821
741,COL6A3,-82.68332,-3.2704644,0.0,0.0,3.2704644
1110,MCM7,-123.17841,-3.2616334,0.0,0.0,3.2616334
122,CPNE8,115.017815,3.2576869,0.0,0.0,3.2576869
1176,IRF2BPL,-124.41156,-3.250938,0.0,0.0,3.250938
1140,MAP1B,-123.87313,-3.2495975,0.0,0.0,3.2495975
81,SDK1,122.339,3.2495255,0.0,0.0,3.2495255
723,NPPB,-78.901146,-3.2457645,0.0,0.0,3.2457645
426,LMCD1,18.528622,3.2380297,1.2135760943884223e-76,1.2892097319990322e-76,3.2380297
1108,COL6A2,-123.166336,-3.2363427,0.0,0.0,3.2363427
922,THSD7A,-113.66202,-3.2325816,0.0,0.0,3.2325816
58,ANGPT2,123.72884,3.23218,0.0,0.0,3.23218
21,ZNF407,125.252235,3.2319248,0.0,0.0,3.2319248
982,STARD4-AS1,-117.38202,-3.2302709,0.0,0.0,3.2302709
56,SYNPO2,123.83159,3.2243764,0.0,0.0,3.2243764
1033,HES6,-120.60642,-3.2217515,0.0,0.0,3.2217515
636,PLAC9,-56.156162,-3.2201192,0.0,0.0,3.2201192
15,CFLAR,125.340096,3.2175422,0.0,0.0,3.2175422
1046,TRIM58,-121.14652,-3.216832,0.0,0.0,3.216832
816,TGFBI,-98.522934,-3.2145875,0.0,0.0,3.2145875
994,HK2,-118.19233,-3.2094767,0.0,0.0,3.2094767
94,TENT5A,120.22712,3.2056828,0.0,0.0,3.2056828
782,LRP2,-91.10527,-3.2024958,0.0,0.0,3.2024958
1282,CTTNBP2,-124.83256,-3.2023828,0.0,0.0,3.2023828
987,MIAT,-117.64637,-3.2009113,0.0,0.0,3.2009113
151,ANGPTL4,108.4324,3.1942072,0.0,0.0,3.1942072
1002,FEZ1,-118.579865,-3.177958,0.0,0.0,3.177958
978,MMP14,-117.05163,-3.1760802,0.0,0.0,3.1760802
1017,SFXN3,-119.46523,-3.1669807,0.0,0.0,3.1669807
1289,MEPCE,-124.846855,-3.1612196,0.0,0.0,3.1612196
894,CACNG8,-110.2515,-3.155199,0.0,0.0,3.155199
960,VASH1,-116.062416,-3.1490498,0.0,0.0,3.1490498
980,SMPX,-117.22679,-3.1402166,0.0,0.0,3.1402166
46,ZNF235,124.5283,3.1382794,0.0,0.0,3.1382794
1145,CCDC183,-123.95714,-3.1341863,0.0,0.0,3.1341863
1259,EIF4G1,-124.803215,-3.121566,0.0,0.0,3.121566
1039,MYL9,-120.948006,-3.1198485,0.0,0.0,3.1198485
1285,ZMAT3,-124.83651,-3.1160998,0.0,0.0,3.1160998
1117,CGNL1,-123.40471,-3.1156907,0.0,0.0,3.1156907
496,KIF2C,-9.501937,-3.109168,2.0602142542688842e-21,2.1253929720793165e-21,3.109168
1165,SHC2,-124.29759,-3.106724,0.0,0.0,3.106724
1148,RGCC,-124.0738,-3.1027434,0.0,0.0,3.1027434
1118,BTG1,-123.46123,-3.0990827,0.0,0.0,3.0990827
614,CALB1,-50.807636,-3.0990708,0.0,0.0,3.0990708
738,PMEL,-82.161766,-3.0944176,0.0,0.0,3.0944176
688,NDRG1,-69.86206,-3.0932252,0.0,0.0,3.0932252
910,RACGAP1,-112.30441,-3.0916548,0.0,0.0,3.0916548
800,SERPINI1,-95.410904,-3.0911584,0.0,0.0,3.0911584
951,SP6,-115.214745,-3.0908728,0.0,0.0,3.0908728
766,GDF15,-88.54961,-3.0859325,0.0,0.0,3.0859325
770,LRAT,-89.27819,-3.0842092,0.0,0.0,3.0842092
678,RBP4,-67.96247,-3.0820675,0.0,0.0,3.0820675
833,LINC00842,-101.30801,-3.0806282,0.0,0.0,3.0806282
933,RELN,-114.25745,-3.0651016,0.0,0.0,3.0651016
705,NSG1,-75.36075,-3.062207,0.0,0.0,3.062207
506,MEG3,-13.9976225,-3.0606363,1.611725862221027e-44,1.6894401071499236e-44,3.0606363
10,VPS13B,125.418846,3.059811,0.0,0.0,3.059811
152,SOX5,108.320724,3.053345,0.0,0.0,3.053345
617,GBP2,-51.66236,-3.0430071,0.0,0.0,3.0430071
1050,GATM,-121.23556,-3.0387154,0.0,0.0,3.0387154
801,PENK,-95.77461,-3.0381486,0.0,0.0,3.0381486
1099,FUT11,-122.806564,-3.036537,0.0,0.0,3.036537
1151,SMAD9,-124.166336,-3.0276275,0.0,0.0,3.0276275
706,PTPRZ1,-75.76433,-3.0270102,0.0,0.0,3.0270102
70,ITPR2,123.0646,3.017463,0.0,0.0,3.017463
748,NTS,-85.28798,-3.0082402,0.0,0.0,3.0082402
1095,EEF1A2,-122.77825,-2.9942153,0.0,0.0,2.9942153
776,RFTN1,-90.22586,-2.9934318,0.0,0.0,2.9934318
867,BBC3,-107.18967,-2.992277,0.0,0.0,2.992277
972,EPHB2,-116.83931,-2.9846988,0.0,0.0,2.9846988
792,PARPBP,-93.98814,-2.9845395,0.0,0.0,2.9845395
886,ERAS,-109.33417,-2.984085,0.0,0.0,2.984085
1006,DUSP5,-118.77014,-2.9827135,0.0,0.0,2.9827135
1135,NID2,-123.77058,-2.9825084,0.0,0.0,2.9825084
802,ARRDC2,-96.40304,-2.9733534,0.0,0.0,2.9733534
1142,CTSZ,-123.9085,-2.9699042,0.0,0.0,2.9699042
1194,LHFPL2,-124.50931,-2.967515,0.0,0.0,2.967515
992,PHLDA1,-118.08698,-2.9650042,0.0,0.0,2.9650042
612,SMOC1,-50.41699,-2.962126,0.0,0.0,2.962126
1075,GYPC,-122.394806,-2.961352,0.0,0.0,2.961352
997,SLIT2,-118.288956,-2.9565818,0.0,0.0,2.9565818
822,CALCRL,-99.55991,-2.9540286,0.0,0.0,2.9540286
903,KCNQ1OT1,-111.41273,-2.953227,0.0,0.0,2.953227
996,RGS9,-118.25762,-2.9495654,0.0,0.0,2.9495654
38,GTDC1,124.7503,2.9494174,0.0,0.0,2.9494174
846,ANKRD45,-103.02655,-2.949123,0.0,0.0,2.949123
946,ARHGAP4,-115.11362,-2.945203,0.0,0.0,2.945203
1157,CCDC144NL-AS1,-124.21047,-2.9426453,0.0,0.0,2.9426453
719,GJA4,-78.146645,-2.9398758,0.0,0.0,2.9398758
138,HMGCS2,110.85924,2.9356093,0.0,0.0,2.9356093
1063,CALM1,-121.84514,-2.9301474,0.0,0.0,2.9301474
902,PRSS23,-111.299545,-2.9248762,0.0,0.0,2.9248762
157,SPHKAP,107.4679,2.9248617,0.0,0.0,2.9248617
109,GRIA2,116.92715,2.9223914,0.0,0.0,2.9223914
110,SYNPO,116.58838,2.9183064,0.0,0.0,2.9183064
522,ACTG2,-24.957481,-2.913021,1.7712098473521855e-137,1.912753614851172e-137,2.913021
664,SREBF2-AS1,-63.400745,-2.9073353,0.0,0.0,2.9073353
745,LGALS3,-84.56302,-2.9063034,0.0,0.0,2.9063034
99,KCNK1,119.11319,2.9018958,0.0,0.0,2.9018958
649,PLAT,-60.24457,-2.8883228,0.0,0.0,2.8883228
1071,GSN,-122.32139,-2.87712,0.0,0.0,2.87712
817,C1orf105,-98.57236,-2.877081,0.0,0.0,2.877081
51,DNAH7,124.03572,2.8756926,0.0,0.0,2.8756926
888,ABCA7,-109.84614,-2.873927,0.0,0.0,2.873927
812,EPCAM,-98.1894,-2.8734407,0.0,0.0,2.8734407
155,GEM,107.76626,2.8705971,0.0,0.0,2.8705971
1346,FGF13,-124.94197,-2.8676,0.0,0.0,2.8676
1143,AKR1A1,-123.91481,-2.8660266,0.0,0.0,2.8660266
1057,LBH,-121.48077,-2.8648262,0.0,0.0,2.8648262
1027,ARHGEF25,-120.40467,-2.864499,0.0,0.0,2.864499
940,FANCG,-114.69954,-2.8616016,0.0,0.0,2.8616016
594,PRXL2A,-46.189976,-2.8550599,0.0,0.0,2.8550599
809,EPB41L2,-98.04626,-2.8463478,0.0,0.0,2.8463478
591,NCBP2AS2,-46.025112,-2.8459554,0.0,0.0,2.8459554
651,GBP1,-60.64317,-2.8452861,0.0,0.0,2.8452861
50,DENND1A,124.175514,2.8354948,0.0,0.0,2.8354948
192,CAMK1D,98.51586,2.8346682,0.0,0.0,2.8346682
33,MALAT1,124.82759,2.8318205,0.0,0.0,2.8318205
48,TIAM2,124.25696,2.828923,0.0,0.0,2.828923
1161,COL6A1,-124.27326,-2.8287792,0.0,0.0,2.8287792
1028,PLSCR4,-120.46812,-2.8257742,0.0,0.0,2.8257742
162,ACKR3,106.77244,2.8048744,0.0,0.0,2.8048744
722,KLHL14,-78.65604,-2.793686,0.0,0.0,2.793686
59,ST3GAL1,123.66263,2.7927997,0.0,0.0,2.7927997
1068,INTS6L,-122.188156,-2.792066,0.0,0.0,2.792066
528,KNL1,-26.700994,-2.7918687,4.5831805702697584e-157,4.9925714273091046e-157,2.7918687
768,PFKFB4,-89.00404,-2.788683,0.0,0.0,2.788683
1177,ZFPL1,-124.412796,-2.7868917,0.0,0.0,2.7868917
1036,C3orf33,-120.90185,-2.7868845,0.0,0.0,2.7868845
39,ERBB4,124.725136,2.785603,0.0,0.0,2.785603
710,ACTN3,-75.99226,-2.7752664,0.0,0.0,2.7752664
642,GPC3,-58.541676,-2.7727365,0.0,0.0,2.7727365
811,CXCL3,-98.15026,-2.7723076,0.0,0.0,2.7723076
864,MYL3,-106.544426,-2.770213,0.0,0.0,2.770213
586,CIAO2B,-44.819614,-2.767467,0.0,0.0,2.767467
1115,PNCK,-123.35347,-2.76355,0.0,0.0,2.76355
87,FRMD4A,121.698944,2.7621138,0.0,0.0,2.7621138
72,GBE1,122.96209,2.7578216,0.0,0.0,2.7578216
942,SPHK1,-114.76533,-2.7535684,0.0,0.0,2.7535684
1127,LASP1,-123.65587,-2.744066,0.0,0.0,2.744066
1025,STARD5,-119.92942,-2.743557,0.0,0.0,2.743557
150,ALDH1A2,108.483086,2.7431626,0.0,0.0,2.7431626
702,KRT7,-74.36492,-2.7411053,0.0,0.0,2.7411053
34,SIPA1L3,124.802315,2.7387893,0.0,0.0,2.7387893
561,SBSPON,-38.43607,-2.7357621,0.0,0.0,2.7357621
1313,HEXIM1,-124.880165,-2.734946,0.0,0.0,2.734946
1112,HMGCR,-123.29064,-2.7336838,0.0,0.0,2.7336838
124,GRIP1,114.02094,2.7286184,0.0,0.0,2.7286184
67,RCAN2,123.20992,2.7277584,0.0,0.0,2.7277584
1087,PAQR7,-122.60091,-2.7250898,0.0,0.0,2.7250898
27,RUBCN,124.94772,2.7222555,0.0,0.0,2.7222555
858,PRCD,-104.80688,-2.718551,0.0,0.0,2.718551
149,COLQ,108.581245,2.7163706,0.0,0.0,2.7163706
998,SCG2,-118.29392,-2.7143471,0.0,0.0,2.7143471
821,VSTM2L,-99.55701,-2.7141511,0.0,0.0,2.7141511
872,SLC30A1,-107.88493,-2.7124486,0.0,0.0,2.7124486
1187,SKIDA1,-124.46013,-2.712167,0.0,0.0,2.712167
607,TACC3,-48.869022,-2.7043335,0.0,0.0,2.7043335
581,ATP1B4,-43.954506,-2.7034502,0.0,0.0,2.7034502
1067,EZH2,-122.16175,-2.696296,0.0,0.0,2.696296
601,GET1,-47.29988,-2.6951199,0.0,0.0,2.6951199
807,CLDN5,-97.429306,-2.6950815,0.0,0.0,2.6950815
1004,HRC,-118.64177,-2.6880696,0.0,0.0,2.6880696
990,CAVIN1,-117.985405,-2.687075,0.0,0.0,2.687075
884,HILPDA,-109.20864,-2.6857247,0.0,0.0,2.6857247
945,KLF2,-115.04669,-2.684575,0.0,0.0,2.684575
148,PRRX1,109.07013,2.6728776,0.0,0.0,2.6728776
66,ERAP1,123.24839,2.6690319,0.0,0.0,2.6690319
950,TCIM,-115.20372,-2.6563883,0.0,0.0,2.6563883
145,SLC8A1,110.14763,2.6530392,0.0,0.0,2.6530392
133,LRP1B,112.630325,2.6389747,0.0,0.0,2.6389747
79,SAT1,122.55466,2.6255505,0.0,0.0,2.6255505
1125,ATP2B1,-123.60921,-2.6238205,0.0,0.0,2.6238205
589,CCDC3,-45.20884,-2.6166975,0.0,0.0,2.6166975
168,HTR4,104.366066,2.6141562,0.0,0.0,2.6141562
679,HOXB-AS3,-68.13877,-2.612396,0.0,0.0,2.612396
603,TLE5,-47.972263,-2.6111326,0.0,0.0,2.6111326
818,STAC,-98.70229,-2.6082091,0.0,0.0,2.6082091
1203,NCK1-DT,-124.58302,-2.6060514,0.0,0.0,2.6060514
112,ITIH2,116.50395,2.604272,0.0,0.0,2.604272
92,DOCK6,121.20141,2.6017833,0.0,0.0,2.6017833
1186,TIPARP,-124.45997,-2.591542,0.0,0.0,2.591542
835,JCAD,-101.66757,-2.5810041,0.0,0.0,2.5810041
115,ARID5B,116.047165,2.575651,0.0,0.0,2.575651
785,GIMAP4,-92.154755,-2.5635521,0.0,0.0,2.5635521
584,SEPTIN11,-44.471596,-2.5628626,0.0,0.0,2.5628626
780,MAFB,-90.77978,-2.5567176,0.0,0.0,2.5567176
726,ENG,-79.51535,-2.551264,0.0,0.0,2.551264
813,FSIP2,-98.31484,-2.5508425,0.0,0.0,2.5508425
914,EPSTI1,-112.69656,-2.5478237,0.0,0.0,2.5478237
102,CENPP,118.056694,2.5398254,0.0,0.0,2.5398254
1065,PCDH10,-122.05919,-2.539218,0.0,0.0,2.539218
871,SCX,-107.797905,-2.5267723,0.0,0.0,2.5267723
1018,FAM107B,-119.53967,-2.5243835,0.0,0.0,2.5243835
999,PAK1,-118.35839,-2.5207276,0.0,0.0,2.5207276
397,CRISPLD2,28.91663,2.51405,7.378282961234584e-184,8.108003254103938e-184,2.51405
791,LRRC10,-93.81788,-2.495956,0.0,0.0,2.495956
1130,ZKSCAN8,-123.70341,-2.4898105,0.0,0.0,2.4898105
970,CA11,-116.6619,-2.4879804,0.0,0.0,2.4879804
144,NPR3,110.33193,2.4833684,0.0,0.0,2.4833684
957,TNFSF4,-115.89724,-2.476191,0.0,0.0,2.476191
511,SULF1,-15.904584,-2.470271,5.889334818958751e-57,6.216750336691151e-57,2.470271
828,PRIM1,-100.26507,-2.4619057,0.0,0.0,2.4619057
1044,LAMB2,-121.13944,-2.4550655,0.0,0.0,2.4550655
714,ADAM33,-76.928505,-2.454774,0.0,0.0,2.454774
897,LZTS1,-110.58868,-2.4530203,0.0,0.0,2.4530203
118,ABTB2,115.82361,2.4523234,0.0,0.0,2.4523234
86,NFIA,121.726,2.4499118,0.0,0.0,2.4499118
731,C21orf58,-80.48177,-2.4448473,0.0,0.0,2.4448473
961,FZD4,-116.1704,-2.4430656,0.0,0.0,2.4430656
852,TMEM163,-103.78948,-2.4426684,0.0,0.0,2.4426684
135,DDR2,112.02973,2.4408138,0.0,0.0,2.4408138
787,TUBA1C,-92.55739,-2.43735,0.0,0.0,2.43735
893,IER2,-110.18275,-2.4305723,0.0,0.0,2.4305723
727,SLC6A4,-79.57952,-2.4254153,0.0,0.0,2.4254153
184,ACSM3,100.483086,2.4220102,0.0,0.0,2.4220102
96,EML6,120.101006,2.4138033,0.0,0.0,2.4138033
593,MICOS13,-46.173042,-2.41116,0.0,0.0,2.41116
1138,DSC2,-123.81185,-2.4055684,0.0,0.0,2.4055684
1152,SLC19A1,-124.17193,-2.3953762,0.0,0.0,2.3953762
126,DUSP1,113.56395,2.394363,0.0,0.0,2.394363
1037,CCND2,-120.93029,-2.3885033,0.0,0.0,2.3885033
840,DGKI,-102.39833,-2.3859098,0.0,0.0,2.3859098
983,TLE3,-117.48891,-2.3853042,0.0,0.0,2.3853042
186,MYBPC3,100.07807,2.376546,0.0,0.0,2.376546
61,DYSF,123.52091,2.3722486,0.0,0.0,2.3722486
223,ADAM19,88.52562,2.367282,0.0,0.0,2.367282
1032,COL4A1,-120.55244,-2.361261,0.0,0.0,2.361261
128,FSTL5,113.41345,2.3605418,0.0,0.0,2.3605418
977,HSPB1,-117.03851,-2.355313,0.0,0.0,2.355313
1066,TTYH3,-122.104,-2.350554,0.0,0.0,2.350554
68,SORBS2,123.1289,2.34903,0.0,0.0,2.34903
881,E2F8,-108.802414,-2.3463345,0.0,0.0,2.3463345
143,SLC35F3,110.335625,2.3423815,0.0,0.0,2.3423815
851,TPM3,-103.718155,-2.3411305,0.0,0.0,2.3411305
182,NTM,101.47447,2.3381276,0.0,0.0,2.3381276
187,IGFN1,100.041115,2.335478,0.0,0.0,2.335478
707,COL14A1,-75.78095,-2.3322597,0.0,0.0,2.3322597
176,KCNIP2,103.61369,2.3285768,0.0,0.0,2.3285768
887,ERO1A,-109.35799,-2.3268168,0.0,0.0,2.3268168
912,SELENOP,-112.3831,-2.3254178,0.0,0.0,2.3254178
1023,G6PD,-119.76231,-2.319825,0.0,0.0,2.319825
647,DHRS9,-60.0451,-2.3167903,0.0,0.0,2.3167903
724,PODXL,-78.99828,-2.3130085,0.0,0.0,2.3130085
103,APBB2,117.90446,2.3102036,0.0,0.0,2.3102036
300,SGIP1,61.333492,2.3036652,0.0,0.0,2.3036652
905,FREM1,-111.909904,-2.3001595,0.0,0.0,2.3001595
928,DNAJB1,-113.91736,-2.2887704,0.0,0.0,2.2887704
64,RUSC2,123.3369,2.2845762,0.0,0.0,2.2845762
121,PPP1R13L,115.06172,2.2829747,0.0,0.0,2.2829747
427,STMN2,18.095158,-2.2733183,3.4795087747558104e-73,3.691133778029502e-73,2.2733183
552,HOPX,-35.562088,-2.254722,5.40382893359352e-277,6.103722440052922e-277,2.254722
925,MEX3B,-113.72289,-2.2267823,0.0,0.0,2.2267823
668,EGR3,-64.289764,-2.221303,0.0,0.0,2.221303
937,SMAD6,-114.68465,-2.221108,0.0,0.0,2.221108
829,GJA3,-100.52702,-2.2194533,0.0,0.0,2.2194533
216,ABRA,90.077156,2.208934,0.0,0.0,2.208934
113,PLPP3,116.35805,2.1989818,0.0,0.0,2.1989818
190,FOSL2,99.43688,2.1917508,0.0,0.0,2.1917508
824,VAMP8,-99.60146,-2.1885917,0.0,0.0,2.1885917
744,CCNF,-84.54294,-2.1871486,0.0,0.0,2.1871486
541,PTGER4,-31.75617,-2.1848924,2.609712112811991e-221,2.888980198684861e-221,2.1848924
856,CYP1B1,-104.66595,-2.184862,0.0,0.0,2.184862
796,FXYD1,-94.482925,-2.180099,0.0,0.0,2.180099
116,AGAP9,115.94686,2.1758292,0.0,0.0,2.1758292
55,PALLD,123.84599,2.170969,0.0,0.0,2.170969
620,ANGPT1,-52.51432,-2.1586845,0.0,0.0,2.1586845
991,HAND2,-118.00143,-2.1583717,0.0,0.0,2.1583717
195,ADCY5,96.98767,2.154366,0.0,0.0,2.154366
687,HLX,-69.81811,-2.1460109,0.0,0.0,2.1460109
762,MEGF6,-87.63055,-2.1433363,0.0,0.0,2.1433363
795,PLXDC1,-94.357,-2.135198,0.0,0.0,2.135198
111,FMNL2,116.581635,2.1344914,0.0,0.0,2.1344914
701,CSRP3,-73.99777,-2.1316211,0.0,0.0,2.1316211
219,NEB,89.5577,2.114508,0.0,0.0,2.114508
191,TMEM100,99.361115,2.1086648,0.0,0.0,2.1086648
683,LGALS1,-68.44187,-2.1042638,0.0,0.0,2.1042638
146,REN,109.34677,2.101861,0.0,0.0,2.101861
1084,MDM2,-122.51848,-2.09714,0.0,0.0,2.09714
587,SEPTIN6,-44.89422,-2.0966938,0.0,0.0,2.0966938
956,ROR2,-115.774055,-2.0964098,0.0,0.0,2.0964098
140,TBX20,110.49041,2.095569,0.0,0.0,2.095569
177,DAB1,103.39391,2.0861437,0.0,0.0,2.0861437
865,LINC02447,-106.76081,-2.0850377,0.0,0.0,2.0850377
172,PPP1R12B,104.00633,2.078759,0.0,0.0,2.078759
733,CA8,-80.71815,-2.0744078,0.0,0.0,2.0744078
565,SLN,-39.705738,-2.069418,0.0,0.0,2.069418
160,RSPO2,106.99777,2.0678236,0.0,0.0,2.0678236
826,ADAMTSL4,-99.659996,-2.0534112,0.0,0.0,2.0534112
715,ART5,-77.2339,-2.0532596,0.0,0.0,2.0532596
1083,PYGO1,-122.50732,-2.0461383,0.0,0.0,2.0461383
1014,UACA,-119.37536,-2.0448546,0.0,0.0,2.0448546
841,LEPR,-102.400566,-2.0446806,0.0,0.0,2.0446806
624,PTGS2,-53.386196,-2.0268974,0.0,0.0,2.0268974
1005,MAN1B1-DT,-118.72178,-2.0244536,0.0,0.0,2.0244536
849,VEGFA,-103.37464,-2.0216508,0.0,0.0,2.0216508
843,ZNF252P-AS1,-102.72131,-2.0216308,0.0,0.0,2.0216308
615,EGR1,-51.042046,-2.0207455,0.0,0.0,2.0207455
936,SLC40A1,-114.588646,-1.9863237,0.0,0.0,1.9863237
830,TNFRSF12A,-101.087074,-1.9859881,0.0,0.0,1.9859881
610,SCGB1B2P,-49.99411,-1.9850494,0.0,0.0,1.9850494
906,LAMB1,-112.00431,-1.9751796,0.0,0.0,1.9751796
309,BCL2A1,58.290127,-1.9749049,0.0,0.0,1.9749049
742,CACNA1D,-84.18945,-1.972612,0.0,0.0,1.972612
550,SPON2,-34.694435,-1.9701921,9.557923389934782e-264,1.0747290168592334e-263,1.9701921
582,RBIS,-43.992092,-1.9686551,0.0,0.0,1.9686551
1114,U2AF2,-123.3421,-1.9638877,0.0,0.0,1.9638877
862,LINC00324,-106.09629,-1.9609008,0.0,0.0,1.9609008
1069,CTSA,-122.21456,-1.960695,0.0,0.0,1.960695
142,CMYA5,110.47604,1.9566463,0.0,0.0,1.9566463
963,PARP8,-116.29436,-1.9549644,0.0,0.0,1.9549644
174,PPFIBP2,103.69674,1.954944,0.0,0.0,1.954944
778,RND1,-90.45053,-1.9535496,0.0,0.0,1.9535496
1031,ESS2,-120.51996,-1.9520488,0.0,0.0,1.9520488
916,CITED2,-113.11998,-1.9496099,0.0,0.0,1.9496099
136,ARMH1,111.428406,1.9436288,0.0,0.0,1.9436288
693,EPS8,-72.04322,-1.9372839,0.0,0.0,1.9372839
947,AHNAK,-115.13611,-1.935353,0.0,0.0,1.935353
889,FLNC,-109.84891,-1.932225,0.0,0.0,1.932225
193,PPP1R3A,97.52312,1.9271988,0.0,0.0,1.9271988
896,TRIB2,-110.35624,-1.9259561,0.0,0.0,1.9259561
847,TBX5-AS1,-103.17969,-1.9257368,0.0,0.0,1.9257368
911,ABCA2,-112.30962,-1.92208,0.0,0.0,1.92208
131,MTTP,112.92999,1.9184107,0.0,0.0,1.9184107
74,FAM135A,122.87159,1.9155145,0.0,0.0,1.9155145
1030,OSGIN2,-120.490326,-1.9152192,0.0,0.0,1.9152192
183,EPAS1,100.83522,1.9101868,0.0,0.0,1.9101868
446,COL8A1,10.235242,-1.906036,1.378508427764346e-24,1.4260432011355303e-24,1.906036
711,FMNL3,-76.25978,-1.9050909,0.0,0.0,1.9050909
1062,ZNF281,-121.622025,-1.9020944,0.0,0.0,1.9020944
618,ASNS,-51.76607,-1.8982309,0.0,0.0,1.8982309
971,NET1,-116.75109,-1.8959492,0.0,0.0,1.8959492
154,RFPL3S,107.76858,1.8758802,0.0,0.0,1.8758802
712,ARPP21,-76.77896,-1.8703319,0.0,0.0,1.8703319
927,AMOTL2,-113.870964,-1.8702636,0.0,0.0,1.8702636
898,GUCY1A1,-110.713806,-1.8697046,0.0,0.0,1.8697046
874,MST1,-108.03079,-1.8677156,0.0,0.0,1.8677156
206,GRIN2A,94.3782,1.8592733,0.0,0.0,1.8592733
670,MECOM,-64.792404,-1.8567953,0.0,0.0,1.8567953
163,CNTN5,106.72316,1.8544916,0.0,0.0,1.8544916
164,SYNE1,106.33504,1.8540299,0.0,0.0,1.8540299
655,HSPA6,-60.980587,-1.8521543,0.0,0.0,1.8521543
985,GATA6-AS1,-117.60666,-1.8471174,0.0,0.0,1.8471174
218,MYL2,89.64792,1.8445001,0.0,0.0,1.8445001
137,DRC3,111.26623,1.8406799,0.0,0.0,1.8406799
245,NR4A1,81.828224,1.8385758,0.0,0.0,1.8385758
924,TNNT2,-113.71233,-1.8382014,0.0,0.0,1.8382014
1074,ASL,-122.37532,-1.8373276,0.0,0.0,1.8373276
754,GFPT2,-85.81286,-1.8369576,0.0,0.0,1.8369576
737,MICAL1,-82.0184,-1.8336133,0.0,0.0,1.8336133
132,ARHGAP10,112.77149,1.8207862,0.0,0.0,1.8207862
85,CAMK2D,122.09709,1.8191302,0.0,0.0,1.8191302
877,TFRC,-108.455444,-1.8179845,0.0,0.0,1.8179845
926,NDRG2,-113.809875,-1.8105879,0.0,0.0,1.8105879
203,ABCA1,94.767914,1.8084987,0.0,0.0,1.8084987
839,PHF21B,-102.149925,-1.806374,0.0,0.0,1.806374
421,NNMT,20.249193,1.8044658,3.611113081912628e-91,3.8525388498356624e-91,1.8044658
788,FNDC5,-92.60873,-1.8044431,0.0,0.0,1.8044431
179,SEMA3C,102.8243,1.8007282,0.0,0.0,1.8007282
989,NFS1,-117.97621,-1.79542,0.0,0.0,1.79542
837,TP53I11,-102.01596,-1.7853155,0.0,0.0,1.7853155
955,NAIF1,-115.74229,-1.7715852,0.0,0.0,1.7715852
592,PCAT14,-46.168915,-1.770864,0.0,0.0,1.770864
721,NTRK2,-78.48618,-1.7691423,0.0,0.0,1.7691423
597,SOX17,-46.45166,-1.7644767,0.0,0.0,1.7644767
585,RO60,-44.50739,-1.7536138,0.0,0.0,1.7536138
993,TRMT10A,-118.144554,-1.7506198,0.0,0.0,1.7506198
213,COL21A1,90.63475,1.7468015,0.0,0.0,1.7468015
704,SPOCD1,-75.2847,-1.7261431,0.0,0.0,1.7261431
720,GUCY1A2,-78.431435,-1.7226583,0.0,0.0,1.7226583
1073,KRI1,-122.35175,-1.7115952,0.0,0.0,1.7115952
772,MMP16,-89.39509,-1.7077736,0.0,0.0,1.7077736
876,EDNRA,-108.286995,-1.7046913,0.0,0.0,1.7046913
825,NABP1,-99.636475,-1.7036766,0.0,0.0,1.7036766
106,MYOM1,117.619255,1.7026815,0.0,0.0,1.7026815
494,SUCNR1,-9.153548,-1.7006376,5.509371945172544e-20,5.671968371831719e-20,1.7006376
188,RAMP1,99.97891,1.6994786,0.0,0.0,1.6994786
848,DEPP1,-103.23976,-1.6945382,0.0,0.0,1.6945382
608,SCRG1,-49.09745,-1.6926993,0.0,0.0,1.6926993
784,RGS2,-91.803665,-1.692435,0.0,0.0,1.692435
236,MIR133A1HG,84.96178,1.6852484,0.0,0.0,1.6852484
632,KCNK6,-55.27183,-1.6835706,0.0,0.0,1.6835706
197,LDB3,96.77034,1.6826973,0.0,0.0,1.6826973
560,SEMA3D,-38.171432,-1.6819882,0.0,0.0,1.6819882
510,CA4,-15.056033,-1.6778182,3.151368833801086e-51,3.3195598670657506e-51,1.6778182
100,GNE,118.53125,1.6653618,0.0,0.0,1.6653618
230,FSD2,87.28205,1.6615247,0.0,0.0,1.6615247
181,TENM1,102.172295,1.6558164,0.0,0.0,1.6558164
580,PRELP,-43.881,-1.6536348,0.0,0.0,1.6536348
695,RCN3,-72.33584,-1.636846,0.0,0.0,1.636846
241,SPTLC3,83.08766,1.6361423,0.0,0.0,1.6361423
629,ARG2,-54.145893,-1.6277678,0.0,0.0,1.6277678
728,ADAMTS6,-79.69744,-1.6228676,0.0,0.0,1.6228676
805,CEBPD,-97.09433,-1.6172593,0.0,0.0,1.6172593
166,NCAM1,105.16142,1.610725,0.0,0.0,1.610725
204,FHL1,94.54535,1.6067252,0.0,0.0,1.6067252
329,PVT1,53.211285,1.6048477,0.0,0.0,1.6048477
931,CTSL,-114.15947,-1.6021445,0.0,0.0,1.6021445
650,ADM,-60.54389,-1.5992664,0.0,0.0,1.5992664
167,MME,104.99943,1.5986848,0.0,0.0,1.5986848
120,HLCS,115.2257,1.5926728,0.0,0.0,1.5926728
938,THOC3,-114.689896,-1.5892445,0.0,0.0,1.5892445
200,FAXDC2,95.83468,1.5887169,0.0,0.0,1.5887169
891,PIGV,-109.88134,-1.5875603,0.0,0.0,1.5875603
717,FGF18,-77.42644,-1.5862519,0.0,0.0,1.5862519
125,CDK14,113.88916,1.5764672,0.0,0.0,1.5764672
566,NIBAN2,-40.155968,-1.5759199,0.0,0.0,1.5759199
173,UNC13C,103.7844,1.5750513,0.0,0.0,1.5750513
265,CCBE1,71.762146,1.569661,0.0,0.0,1.569661
622,CLSTN2,-53.170002,-1.5618962,0.0,0.0,1.5618962
882,NFKB2,-109.16687,-1.5608541,0.0,0.0,1.5608541
287,CREB5,65.99364,1.5603528,0.0,0.0,1.5603528
739,IRX3,-82.26018,-1.5591582,0.0,0.0,1.5591582
538,GREM2,-30.624876,-1.5521438,5.710677772455994e-206,6.307817863537549e-206,1.5521438
790,TP53INP1,-93.812805,-1.5461851,0.0,0.0,1.5461851
107,USP53,117.25504,1.5437583,0.0,0.0,1.5437583
764,SOCS3,-88.24013,-1.5383561,0.0,0.0,1.5383561
671,HBEGF,-64.97937,-1.5314513,0.0,0.0,1.5314513
210,EMCN,91.91701,1.5280694,0.0,0.0,1.5280694
676,ATF3,-66.252464,-1.5277233,0.0,0.0,1.5277233
1013,SEC16A,-119.35979,-1.523368,0.0,0.0,1.523368
512,PDGFRB,-15.970413,-1.520729,2.054195791181048e-57,2.169925131529276e-57,1.520729
199,ARHGAP31,96.05119,1.5196215,0.0,0.0,1.5196215
256,A2M,76.56881,1.5167352,0.0,0.0,1.5167352
756,PRRG2,-86.62355,-1.515228,0.0,0.0,1.515228
209,PTCH2,93.55433,1.5147672,0.0,0.0,1.5147672
153,KCNMA1,108.23006,1.5133392,0.0,0.0,1.5133392
180,FAT4,102.6379,1.5120445,0.0,0.0,1.5120445
129,ANK3,113.25407,1.5060681,0.0,0.0,1.5060681
760,BEND6,-87.07512,-1.5008951,0.0,0.0,1.5008951
